{"_timestamp":1.758303156432864e+09,"small_test_accuracy":0.09655555555555556,"small_test_recall":0.09655555555555556,"train_loss":2.303268955230713,"lr":0.005,"small_test_confusion_matrix":{"size":24446,"path":"media/images/small_test_confusion_matrix_11_addddb188d4f4e005f46.png","format":"png","width":800,"height":600,"_type":"image-file","sha256":"addddb188d4f4e005f46fa038dfcd30ca2a02b01e58028ab5a524c2ac6c9a2c8"},"_wandb":{"runtime":367},"_runtime":367,"val_loss":2.303058143403795,"epoch":9,"small_test_precision":0.009322975308641976,"small_test_f1":0.0170041093885455,"small_test_loss":2.3035600736406114,"_step":11,"train_acc":0.09811111111111111,"val_acc":0.10411111111111111}