{"val_acc":0.353,"_timestamp":1.758306716924114e+09,"small_test_precision":0.361008740510818,"_runtime":687,"_step":21,"small_test_recall":0.3561111111111111,"train_loss":1.77347647190094,"_wandb":{"runtime":687},"small_test_f1":0.3501821557111223,"small_test_accuracy":0.3561111111111111,"small_test_loss":1.769420197168986,"small_test_confusion_matrix":{"format":"png","width":800,"height":600,"_type":"image-file","sha256":"a030b2e8d84905605f836da17ace10b5f5d385b851220388c208f44580a3d1f9","size":25626,"path":"media/images/small_test_confusion_matrix_21_a030b2e8d84905605f83.png"},"val_loss":1.7856449713177152,"epoch":19,"train_acc":0.35288888888888886,"lr":0.01}