{"small_test_loss":1.7819164736005995,"small_test_precision":0.362969911758865,"val_acc":0.36677777777777776,"small_test_confusion_matrix":{"width":800,"height":600,"_type":"image-file","sha256":"d4f018142078c08b21ddfa1f0328acd58263338f9a87343109f72f5dc3892a11","size":27196,"path":"media/images/small_test_confusion_matrix_21_d4f018142078c08b21dd.png","format":"png"},"lr":0.01,"small_test_f1":0.3450753857187364,"epoch":19,"_timestamp":1.758300676050401e+09,"val_loss":1.7740223971472846,"_wandb":{"runtime":715},"_runtime":715,"train_loss":1.789661021868388,"_step":21,"small_test_accuracy":0.3517777777777778,"small_test_recall":0.3517777777777778,"train_acc":0.346}