{"_wandb":{"runtime":640},"val_acc":0.35977777777777775,"small_test_precision":0.34740813552901456,"_runtime":640,"small_test_loss":1.7657697541978623,"small_test_confusion_matrix":{"height":600,"_type":"image-file","sha256":"16b72b4c88ea50c81e36c061bc995cfd01d6637836bf82ae2d3f974c5a1e09c2","size":25570,"path":"media/images/small_test_confusion_matrix_21_16b72b4c88ea50c81e36.png","format":"png","width":800},"lr":0.0025,"small_test_recall":0.358,"train_loss":1.7699161748886107,"val_loss":1.7516956831614177,"small_test_f1":0.3405211796919289,"small_test_accuracy":0.358,"_timestamp":1.7583160241203468e+09,"train_acc":0.3567777777777778,"epoch":19,"_step":21}