{"small_test_loss":1.7700901046329074,"val_acc":0.361,"train_acc":0.3451111111111111,"epoch":19,"_timestamp":1.7583044732991118e+09,"small_test_recall":0.35933333333333334,"_runtime":649,"train_loss":1.7626384228600396,"val_loss":1.761902276886834,"_wandb":{"runtime":649},"small_test_confusion_matrix":{"sha256":"de9d66e3af943826b35bdc0aa4ee1c9ca21c35bd5faac1cc7830bac49d8c1120","size":25569,"path":"media/images/small_test_confusion_matrix_21_de9d66e3af943826b35b.png","format":"png","width":800,"height":600,"_type":"image-file"},"lr":0.0025,"small_test_precision":0.3568448852743094,"small_test_f1":0.3468026405077948,"_step":21,"small_test_accuracy":0.35933333333333334}