{"val_acc":0.3278888888888889,"small_test_precision":0.32140756481313787,"_step":21,"epoch":19,"_wandb":{"runtime":671},"small_test_f1":0.30776403707878325,"_timestamp":1.758317210943037e+09,"train_acc":0.32611111111111113,"val_loss":1.8233824098375109,"_runtime":671,"small_test_confusion_matrix":{"width":800,"height":600,"_type":"image-file","sha256":"d838ad8f16cc6683628c1c5b8d52b2007be93004662d573e8f06d740092afe22","size":25427,"path":"media/images/small_test_confusion_matrix_21_d838ad8f16cc6683628c.png","format":"png"},"small_test_recall":0.3332222222222222,"small_test_accuracy":0.3332222222222222,"train_loss":1.84208448961046,"small_test_loss":1.809717291937934,"lr":0.01}