{"small_test_f1":0.3262428685205737,"epoch":19,"small_test_recall":0.3502222222222222,"lr":0.01,"small_test_accuracy":0.3502222222222222,"small_test_loss":1.7995166784922283,"_runtime":667,"small_test_precision":0.34832787130592163,"train_acc":0.3432222222222222,"val_loss":1.7879730972713894,"_timestamp":1.758305707253803e+09,"val_acc":0.35244444444444445,"_wandb":{"runtime":667},"_step":21,"small_test_confusion_matrix":{"path":"media/images/small_test_confusion_matrix_21_c0b86540ccea7b452cba.png","format":"png","width":800,"height":600,"_type":"image-file","sha256":"c0b86540ccea7b452cba5bc93117cdf6bade5f9219d14de2906d9d0960d993a7","size":25551},"train_loss":1.7806295167075263}